route,pageviews,sessions,pages_per_session,probability,
/,370633,243194,1.524022,27.42%
/catalog/women-view-all,243938,56275,4.334749,6.35%
/catalog/men-view-all,236522,48932,4.833688,5.52%
/sfc3/index.cfm,195617,45847,4.266735,5.17%
/search,107337,33717,3.183468,3.80%
/cart,201758,21479,9.393268,2.42%
/catalog/slip-resistant,40339,18910,2.13321,2.13%
/account/login,56149,11099,5.058924,1.25%
/checkout,75656,9365,8.07859,1.06%
/catalog/athletic,15568,8858,1.757507,1.00%
/catalog/Foodservice,67288,6716,10.01906,0.76%
/product/28500,9712,6543,1.484334,0.74%
/product/22201,10944,6420,1.704673,0.72%
/catalog/new-styles,16024,6112,2.621728,0.69%
/product/22146,10432,6003,1.737798,0.68%
/catalog/slip-resistant&yc=HGT436,9252,5961,1.552089,0.67%
/catalog/work-boots,11930,5666,2.105542,0.64%
/product/22146-everlight,39681,4895,8.106435,0.55%
/product/22201-gia,48814,4820,10.12739,0.54%
/catalog/dress,8155,4431,1.840442,0.50%
/product/30359,6679,4318,1.546781,0.49%
/product/77633,6045,3986,1.516558,0.45%
/catalog/women-foodservice,16212,3902,4.154792,0.44%
/product/62101,6500,3866,1.681324,0.44%
/product/30359-pembroke-canvas,24013,3677,6.530596,0.41%
/product/49262,6098,3598,1.69483,0.41%
/product/61582,6107,3451,1.769632,0.39%
/catalog/women-athletic,11165,3337,3.34582,0.38%
/product/m49885,4783,3314,1.443271,0.37%
/product/28500-energy-ii,16322,3232,5.050124,0.36%
/catalog/men-athletic,10508,3193,3.290949,0.36%
/product/22149-everlight,27205,3182,8.549654,0.36%
/product/61182,4782,3129,1.528284,0.35%
/product/61582-radium,23438,3087,7.592485,0.35%
/catalog/women-slip-resistant,23984,3059,7.840471,0.34%
/product/43233,4299,2894,1.485487,0.33%
/product/79961,4186,2811,1.48915,0.32%
/product/22149,5455,2808,1.942664,0.32%
/product/22752,4553,2474,1.84034,0.28%
/product/22002-new-balance-arishi-v3,24508,2286,10.72091,0.26%
/product/m30911,3460,2248,1.539146,0.25%
/product/64133,3537,2229,1.58681,0.25%
/sfc3/,3052,2114,1.443709,0.24%
/product/22752-tigon,14034,2042,6.872674,0.23%
/product/62101-bloodstone,15361,1991,7.715218,0.22%
/product/49262-holden,11789,1979,5.957049,0.22%
/product/24520,3368,1950,1.727179,0.22%
/product/60435,3118,1905,1.636745,0.21%
/product/79961-merlin-canvas,14273,1888,7.559852,0.21%
/product/22004-new-balance-arishi-v3,22105,1808,12.22622,0.20%
/product/77632,2961,1772,1.670993,0.20%
/catalog/men-work-boots,14438,1766,8.175538,0.20%
/page/store-locations,3408,1762,1.934166,0.20%
/catalog/clogs,3196,1757,1.81901,0.20%
/page/contact-us,7443,1738,4.282509,0.20%
/product/77633-dewalt-plasma-steel-toe,7559,1706,4.430832,0.19%
/product/68357,3126,1706,1.832356,0.19%
/catalog/women-healthcare,3927,1664,2.359976,0.19%
/catalog/men-foodservice,12892,1658,7.775633,0.19%
/catalog/sale,24464,1625,15.05477,0.18%
/product/72209-toby-ii-nano-composite-toe,9450,1624,5.818966,0.18%
/product/6006,2823,1617,1.745826,0.18%
/product/47783,2215,1602,1.382647,0.18%
/product/64133-bullfrog-pro-ii-soft-toe,8323,1579,5.271058,0.18%
/product/27664-falcon-ii,10926,1523,7.173999,0.17%
/product/60435-rowan-soft-toe,11710,1516,7.724274,0.17%
/catalog/casual,3248,1508,2.153846,0.17%
/product/6006-cambridge,9649,1507,6.402787,0.17%
/catalog/men-slip-resistant,17683,1492,11.85188,0.17%
/product/58544,2463,1492,1.650804,0.17%
/product/72250-carolina-anchor,6777,1479,4.58215,0.17%
/product/34257-ollie-ii-leather,11345,1453,7.807983,0.16%
/product/21211-evolution-ii,12535,1444,8.680748,0.16%
/product/22210-gia,25059,1378,18.18505,0.16%
/product/38852-delray-canvas,10846,1378,7.870827,0.16%
/restaurant/d,1708,1320,1.293939,0.15%
/product/51902,1931,1289,1.498061,0.15%
/catalog/women-new-balance,5221,1268,4.117508,0.14%
/product/22123,2863,1248,2.294071,0.14%
/product/66709,2447,1236,1.979773,0.14%
/product/m49885-mozo-zane,10742,1233,8.712084,0.14%
/product/22226-new-balance-510-v5,16881,1227,13.75795,0.14%
/product/22010-heather-ii,15922,1206,13.20232,0.14%
/product/38852,2138,1193,1.792121,0.13%
/product/58565,1850,1178,1.570458,0.13%
/catalog/women-dress,7793,1177,6.621071,0.13%
/product/52108,1828,1177,1.553101,0.13%
/product/76528,1890,1167,1.619537,0.13%
/product/77632-dewalt-plasma-steel-toe,6998,1162,6.022375,0.13%
/product/61182-fargo-soft-toe,5727,1161,4.932817,0.13%
/product/73361,1860,1157,1.607606,0.13%
/product/72309-redrock-6-inch-composite-toe,5960,1155,5.160173,0.13%
/product/22148,2507,1150,2.18,0.13%
/product/29765,2032,1138,1.785589,0.13%
/product/52205,1665,1138,1.463093,0.13%
/product/22123-geo,9602,1137,8.445031,0.13%
/product/42160,1948,1136,1.714789,0.13%
/product/22004,2793,1128,2.476064,0.13%
/product/43233-kelsey,7197,1119,6.431635,0.13%
/product/50,1625,1114,1.458707,0.13%
/product/28362-vitality-ii,12439,1095,11.35982,0.12%
/product/m33753,1561,1093,1.428179,0.12%
/product/60301-zinc,11198,1083,10.3398,0.12%
/product/59836,1943,1076,1.805762,0.12%
/product/60654,1909,1075,1.775814,0.12%
/page/faq,6398,1074,5.957169,0.12%
/product/34897,1987,1073,1.851817,0.12%
/product/67718,1645,1060,1.551887,0.12%
/product/42150,1761,1059,1.66289,0.12%
/product/38140-freestyle-ii,8672,1055,8.219905,0.12%
/product/22101-tigon-ii,14640,1050,13.94286,0.12%
/product/40001,2125,1048,2.027672,0.12%
/product/m30911-mozo-natural,7062,1047,6.744986,0.12%
/product/56155-delilah,5089,1036,4.912162,0.12%
/product/66709-cobalt,9470,1035,9.149758,0.12%
/product/68357-firebrand-soft-toe,6592,1026,6.424951,0.12%
/product/29765-new-balance-rush-v3,8855,1019,8.689892,0.11%
/product/22148-everlight-slip-on,10850,998,10.87174,0.11%
/product/58544-dockers-ashford,5128,997,5.14343,0.11%
/product/79828,1671,975,1.713846,0.11%
/catalog/women-work-boots,7752,964,8.041494,0.11%
/product/38140,1821,944,1.929025,0.11%
/product/24076,1731,943,1.835631,0.11%
/product/22210,2020,942,2.144374,0.11%
/product/72206-pearl-ii-nano-composite-toe,3812,933,4.085745,0.11%
/product/34257,1880,923,2.036836,0.10%
/product/41526,2257,922,2.447939,0.10%
/product/42152,1432,919,1.558215,0.10%
/product/22782-endurance-ii,6912,913,7.570646,0.10%
/product/60654-august-soft-toe,5783,909,6.361936,0.10%
/product/56155,1432,902,1.587583,0.10%
/catalog/shoes-all,1902,892,2.132287,0.10%
/catalog/men-dress,6548,891,7.349046,0.10%
/product/m52301,1346,888,1.515766,0.10%
/product/34897-cabbie-ii,4837,884,5.471719,0.10%
/product/37711-pembroke-leather,11216,875,12.81829,0.10%
/catalog/men-new-balance,5110,856,5.969626,0.10%
/product/47783-milano,5592,853,6.555686,0.10%
/product/24520-hart,5164,838,6.162291,0.09%
/product/28362,2129,834,2.552758,0.09%
/catalog/industrial,11305,829,13.63691,0.09%
/product/41526-cater-ii,8529,812,10.50369,0.09%
/product/63521,1316,805,1.634783,0.09%
/product/m51000,1160,801,1.44819,0.09%
/product/59836-madison-iii,5766,767,7.517601,0.09%
/product/56150,1438,766,1.877285,0.09%
/product/36907,1464,747,1.959839,0.08%
/product/52203-cole-haan-cassie-bootie,5113,745,6.863087,0.08%
/product/24734,1435,745,1.926174,0.08%
/product/51901,1335,737,1.811398,0.08%
/product/77280-rowan-steel-toe,4643,734,6.325613,0.08%
/product/24076-new-balance-623-v3,5967,726,8.219008,0.08%
/product/69238,1448,723,2.002766,0.08%
/product/m31386,1107,721,1.535368,0.08%
/product/37711,1498,709,2.112835,0.08%
/product/1211,1245,708,1.758475,0.08%
/product/73361-firebrand-composite-toe,3651,702,5.200855,0.08%
/catalog/women-wide-shoes,5441,699,7.783977,0.08%
/product/55315,1197,698,1.7149,0.08%
/product/78606,1353,690,1.96087,0.08%
/product/43073,1394,688,2.026163,0.08%
/product/70010,1352,688,1.965116,0.08%
/product/58565-vita,3715,686,5.415452,0.08%
/product/1201-senator,6352,678,9.368732,0.08%
/product/72212,1244,670,1.856716,0.08%
/product/51907,1023,667,1.533733,0.08%
/product/m31386-finn,6863,661,10.38275,0.07%
/product/51902-olivia,3177,632,5.026899,0.07%
/product/22225-new-balance-510-v5,12212,625,19.5392,0.07%
/product/50-crewguard-slip-resistant-overshoes,2910,622,4.678457,0.07%
/catalog/supermarkets,6694,619,10.81422,0.07%
/product/40001-saloon-ii,9881,616,16.04058,0.07%
/product/52212-cole-haan-chester-oxford,7606,616,12.3474,0.07%
/product/28837-new-balance-rush-v3,5534,616,8.983766,0.07%
/catalog/accessories,1838,614,2.993485,0.07%
/product/70010-cade-steel-toe,7488,613,12.21533,0.07%
/product/28837,1174,609,1.92775,0.07%
/product/56150-riley,6253,603,10.36982,0.07%
/product/37255-liberty,9690,601,16.12313,0.07%
/product/24734-condor,5142,601,8.55574,0.07%
/product/40002-saloon-ii,12204,600,20.34,0.07%
/product/55315-reese,3809,592,6.434122,0.07%
/catalog/hospitality,5843,587,9.954003,0.07%
/product/60301,1438,586,2.453925,0.07%
/catalog/mozo,1590,580,2.741379,0.07%
/product/42202-merlin-slip-on-canvas,5919,578,10.24048,0.07%
/product/22782,1444,578,2.49827,0.07%
/product/22150-new-balance-arishi-v3,10643,577,18.44541,0.07%
/product/42160-tigon-ii,9204,574,16.03484,0.06%
/product/77280,1148,573,2.00349,0.06%
/product/22002,2409,568,4.241197,0.06%
/product/22214-heather-ii,10565,567,18.63316,0.06%
/product/41369,1103,567,1.945326,0.06%
/product/37255,1354,566,2.392226,0.06%
/product/22101,1917,565,3.39292,0.06%
/product/42150-cole-haan-miles-leather-wingtip-oxford,4795,563,8.516874,0.06%
/product/52108-cole-haan-sylvia-wedge,3960,561,7.058824,0.06%
/product/22202-gia,14443,550,26.26,0.06%
/reports/index.cfm,3727,549,6.788707,0.06%
/product/27664,1473,548,2.687956,0.06%
/catalog/overshoes,2128,545,3.904587,0.06%
/product/22147,1656,541,3.060998,0.06%
/product/76528-dewalt-plasma-slip-on-aluminum-toe,3063,527,5.812144,0.06%
/product/22227-new-balance-510-v5,9821,522,18.81418,0.06%
/product/38649-delray-leather,6092,522,11.6705,0.06%
/product/29183,1306,515,2.535922,0.06%
/product/22214,1064,506,2.102767,0.06%
/product/40002,1258,503,2.500994,0.06%
/product/62551,1048,502,2.087649,0.06%
/product/m33753-mozo-padma,3424,501,6.834331,0.06%
/product/29183-galley-ii,6366,500,12.732,0.06%
/product/21211,1783,499,3.573146,0.06%
/product/36907-lila-karina,5620,498,11.28514,0.06%
/product/58214,1007,496,2.030242,0.06%
/product/m33839-mozo-grind,3259,495,6.583838,0.06%
/product/42224-merlin-slip-on-leather,5138,484,10.6157,0.05%
/product/70482,1028,479,2.146138,0.05%
/product/38960-old-school-low-rider-iv-leather,3889,478,8.135983,0.05%
/product/42152-cole-haan-malorie-leather-wingtip-oxford,4710,475,9.915789,0.05%
/product/29167-revolution-ii,6135,472,12.99788,0.05%
/product/22147-everlight-pro,8312,466,17.83691,0.05%
/product/22010,1220,465,2.623656,0.05%
/product/1211-senator,3897,463,8.416847,0.05%
/product/52213-cole-haan-chester-oxford,5952,462,12.88312,0.05%
/product/22152-new-balance-arishi-v3,10003,455,21.98462,0.05%
/catalog/healthcare,6129,451,13.5898,0.05%
/product/63521-sentry-pro-soft-toe,2757,449,6.140312,0.05%
/product/29464-stride,4690,447,10.49217,0.05%
/product/77282-redrock-composite-toe,5115,434,11.78571,0.05%
/product/44095,1021,427,2.391101,0.05%
/product/58214-dockers-director-ii-black,4932,421,11.71496,0.05%
/product/1201,1083,408,2.654412,0.05%
/catalog/men-shoes-for-crews,6188,407,15.20393,0.05%
/product/70927-voyager-ii-steel-toe,3330,407,8.181818,0.05%
/product/67718-cade-soft-toe,2762,398,6.939698,0.04%
/catalog/women-casual,4952,395,12.53671,0.04%
/product/m43803-mozo-forza,3722,387,9.617571,0.04%
/product/79962-merlin-canvas,7395,380,19.46053,0.04%
/product/63723-piston-mid-soft-toe-waterproof,4150,379,10.94987,0.04%
/product/m47733-mozo-finn-ii,2585,377,6.856764,0.04%
/product/22247-everlight,9569,369,25.93225,0.04%
/catalog/women-shoes-for-crews,5310,368,14.42935,0.04%
/product/42103-cole-haan-miles-textile-wingtip-oxford,5247,368,14.25815,0.04%
/product/22003-mozo-nautical-cayman,6365,366,17.39071,0.04%
/product/22152,1006,364,2.763736,0.04%
/product/49281-dansko-pro-xp,2555,353,7.23796,0.04%
/product/49781-cater-ii,3277,348,9.416667,0.04%
/product/77319-august-steel-toe,2143,343,6.247813,0.04%
/product/22224-new-balance-510-v5,7908,342,23.12281,0.04%
/product/78606-bridgetown-slip-on-aluminum-toe,3033,341,8.894428,0.04%
/product/42151-cole-haan-miles-leather-wingtip-oxford,4360,339,12.86136,0.04%
/product/72212-puma-airtwist-low-composite-toe,3633,339,10.71681,0.04%
/product/69238-voyager-ii-soft-toe,2905,336,8.645833,0.04%
/catalog/men-wide-shoes,4105,332,12.36446,0.04%
/product/43073-saloon-ii,7723,325,23.76308,0.04%
/catalog/men-casual,4160,321,12.9595,0.04%
/product/36111-old-school-low-rider-iv-leather,3730,318,11.72956,0.04%
/product/22229-everlight,7772,317,24.51735,0.04%
/product/22128-toby-ii,4411,317,13.91483,0.04%
/product/22154-new-balance-rush-v3,5325,313,17.01278,0.04%
/product/22170-toby-ii,5141,312,16.47756,0.04%
/product/71845-bullfrog-elite-composite-toe,1996,311,6.418006,0.04%
/product/35365-quincy,3120,308,10.12987,0.03%
/product/75738-bullfrog-pro-ii-composite-toe,2182,301,7.249169,0.03%
/product/42214-merlin-slip-on-canvas,3018,299,10.09365,0.03%
/product/52205-cole-haan-sylvia-wedge,3176,297,10.6936,0.03%
/product/52001-loren,3167,294,10.77211,0.03%
/product/46198-juno,2768,293,9.447099,0.03%
/product/79828-moxie-low-aluminum-toe,5032,292,17.23288,0.03%
/product/73624-axe-aluminum-toe,4156,291,14.28179,0.03%
/product/m22021-mozo-sharkz-ii,2695,290,9.293103,0.03%
/catalog/men-industrial,2467,288,8.565972,0.03%
/product/72116-fargo-ii-composite-toe,2125,284,7.482394,0.03%
/product/72233-pearl-ii-slip-on-nano-composite-toe,1666,277,6.01444,0.03%
/catalog/women-new-styles,3339,274,12.18613,0.03%
/product/22226,1555,274,5.675182,0.03%
/product/25770-galley-ii,4250,269,15.79926,0.03%
/product/44095-walker,2498,267,9.355805,0.03%
/product/22151-new-balance-arishi-v3,6304,265,23.78868,0.03%
/product/70482-safety-jogger-elevate-81-steel-toe-esd,2418,264,9.159091,0.03%
/product/51901-darcy,2340,263,8.897338,0.03%
/product/22225,1041,262,3.973282,0.03%
/product/m51000-mozo-finn-chukka-ii,2135,261,8.180077,0.03%
/product/42105-cole-haan-malorie-textile-wingtip-oxford,3838,259,14.81853,0.03%
/product/23792-galley-ii,3106,257,12.0856,0.03%
/product/22006-new-balance-arishi-v3,8021,255,31.4549,0.03%
/product/62551-bullfrog-elite-soft-toe,1361,255,5.337255,0.03%
/page/carolina-brand,1132,252,4.492063,0.03%
/product/78890-piston-mid-waterproof-aluminum-toe,1535,249,6.164659,0.03%
/product/23809-vitality-ii,4169,246,16.94715,0.03%
/product/38849-cabbie-ii,2059,244,8.438525,0.03%
/product/60970-bullfrog-ii-soft-toe,2051,244,8.405738,0.03%
/product/m33738-mozo-maven,2366,237,9.983122,0.03%
/product/42174-radium-st-patricks-day,4499,233,19.30901,0.03%
/catalog/men-cole-haan,2265,233,9.72103,0.03%
/product/33700-ollie-ii-canvas,2842,232,12.25,0.03%
/product/34545-avery,2557,232,11.02155,0.03%
/catalog/women-clogs,2439,231,10.55844,0.03%
/product/42104-cole-haan-miles-wingtip-oxford,3329,230,14.47391,0.03%
/product/51379-willa,1842,230,8.008696,0.03%
/product/62116-fargo-ii-soft-toe,1444,227,6.361233,0.03%
/product/41369-gigi,2704,226,11.9646,0.03%
/product/51907-cambridge,1559,224,6.959821,0.03%
/product/24078-new-balance-623-v3,3061,222,13.78829,0.03%
/product/21076-course,2548,222,11.47748,0.03%
/product/51905-lila-jasmine,2593,221,11.73303,0.02%
/product/m51021-mozo-zane,4114,219,18.78539,0.02%
/product/42231-cobalt-nurses-week,2828,217,13.03226,0.02%
/product/8201-senator-steel-toe,1941,217,8.9447,0.02%
/product/22205-everlight-pro,4606,216,21.32407,0.02%
/account/register/retail,4797,214,22.41589,0.02%
/product/m51039-mozo-finn-ii,2434,213,11.42723,0.02%
/product/76236-safety-jogger-dolce-81-steel-toe-esd,2734,212,12.89623,0.02%
/product/99228-valet,1759,211,8.336493,0.02%
/product/52302-cole-haan-chester-chukka,2908,205,14.18537,0.02%
/product/52201-lila-ina-ballet-flat,1420,205,6.926829,0.02%
/product/72002-bronco-iv-composite-toe,2224,201,11.06468,0.02%
/product/52006-loren,2048,200,10.24,0.02%
/product/42045-saloon-ii,5982,199,30.0603,0.02%
/product/42227-cole-haan-malorie-knit-ballet-flat,1847,198,9.328283,0.02%
/product/m47734-mozo-city-runner-knit,2171,196,11.07653,0.02%
/product/72649-mammoth-iii-composite-toe,1343,195,6.887179,0.02%
/product/32440-mason,1834,194,9.453608,0.02%
/product/29753-new-balance-510-v3,2138,192,11.13542,0.02%
/product/67730-rae-soft-toe,1607,192,8.369792,0.02%
/product/57496-the-stanton,1594,192,8.302083,0.02%
/catalog/schools,2664,190,14.02105,0.02%
/product/22153-new-balance-rush-v3,3824,187,20.4492,0.02%
/product/76745-providence-steel-toe,2051,186,11.02688,0.02%
/product/74063-glacier-steel-toe,1787,184,9.711957,0.02%
/product/22126-dewalt-newton-aluminum-toe,1688,180,9.377778,0.02%
/product/27769-bridgetown,1984,177,11.20904,0.02%
/product/72104-dewalt-gaucho-steel-toe,1529,176,8.6875,0.02%
/product/41908-shower-slide,2041,175,11.66286,0.02%
/product/26819-pearl,2937,173,16.97688,0.02%
/catalog/men-new-styles,2445,173,14.13295,0.02%
/product/72214-puma-airtwist-low-composite-toe,2306,173,13.32948,0.02%
/product/32709-lila-karina,1973,173,11.40462,0.02%
/product/42204-arden-ii,1752,172,10.18605,0.02%
/product/73809-sentry-pro-steel-toe,1146,172,6.662791,0.02%
/product/75075-bridgetown-textile-aluminum-toe,2094,171,12.24561,0.02%
/product/42219-merlin-slip-on-canvas,3027,169,17.91124,0.02%
/product/m43703-mozo-forza,1866,167,11.17365,0.02%
/product/m52301-mozo-zane,3306,165,20.03636,0.02%
/product/22220-tigon-ii,1770,165,10.72727,0.02%
/product/67301-piston-mid-soft-toe,2287,164,13.94512,0.02%
/catalog/men-safety-toe,2252,164,13.73171,0.02%
/product/72203-carolina-28-series-8-inch,1653,163,10.1411,0.02%
/catalog/women-cole-haan,1303,163,7.993865,0.02%
/product/52301-cole-haan-chester-chukka,3368,159,21.18239,0.02%
/product/72212-puma-safety-airtwist-low-composite-toe,2684,159,16.8805,0.02%
/product/52110-cole-haan-candace-bow-loafer,2889,158,18.28481,0.02%
/product/42215-merlin-slip-on-leather,2277,158,14.41139,0.02%
/product/72248-carolina-bruno-lo-6-inch,1687,157,10.74522,0.02%
/product/58218-dockers-director-ii-brown,2304,156,14.76923,0.02%
/product/42233-cole-haan-chester-loafer,2127,154,13.81169,0.02%
/product/m37717-mozo-mavi,2658,152,17.48684,0.02%
/product/37553-liberty,4990,149,33.48993,0.02%
/product/42334-cole-haan-chester-sneaker,3109,144,21.59028,0.02%
/product/25980-galley-ii,1481,142,10.42958,0.02%
/product/2065-guardian-iv-steel-toe,1553,141,11.01418,0.02%
/product/72224-bridgetown-textile-nano-composite-toe,1311,141,9.297872,0.02%
/product/71183-defender-6-inch-nano-composite-toe,1368,140,9.771429,0.02%
/product/71237-moxie-low-aluminum-toe,3383,139,24.33813,0.02%
/product/21945-new-balance-510-v3,2099,138,15.21014,0.02%
/product/77610-bronco-iii-composite-toe,1542,138,11.17391,0.02%
/product/78329-defender-mid-nano-composite-toe,1339,138,9.702899,0.02%
/catalog/men-steel-toe,1721,136,12.65441,0.02%
/product/72105-mammoth-iv-composite-toe,1192,136,8.764706,0.02%
/product/53778-the-bronson,1160,136,8.529412,0.02%
/product/72227-pearl-ii-nano-composite-toe,2053,135,15.20741,0.02%
/subscribe,2804,134,20.92537,0.02%
/product/72221-redrock-8-inch-composite-toe,1266,133,9.518797,0.01%
/product/78506-fargo-composite-toe,1233,133,9.270677,0.01%
/product/37409-yogi,1022,133,7.684211,0.01%
/product/22211-heather-ii,5872,131,44.82443,0.01%
/quick-order-form,3125,130,24.03846,0.01%
/product/64811-pike-soft-toe,1339,130,10.3,0.01%
/product/76525-dewalt-explorer-steel-toe,1184,128,9.25,0.01%
/product/22212-heather-ii,5639,127,44.40157,0.01%
/product/28740-bridgetown,2245,127,17.67717,0.01%
/catalog/men-mozo,1764,127,13.88976,0.01%
/product/20503-new-balance-rush-v3,3574,125,28.592,0.01%
/product/42106-cole-haan-malorie-textile-wingtip-oxford,3107,123,25.26016,0.01%
/catalog/men-clogs,1439,123,11.69919,0.01%
/product/g7014-crewguard-stretch,1110,121,9.173554,0.01%
/product/72205-heather-ii-nano-composite-toe,1735,119,14.57983,0.01%
/catalog/women-safety-toe,1343,118,11.38136,0.01%
/product/78079-bridgetown-aluminum-toe,1458,117,12.46154,0.01%
/product/63206-defender-mid-soft-toe,1493,115,12.98261,0.01%
/product/76747-burren-composite-toe,1288,115,11.2,0.01%
/product/71063-piston-mid-aluminum-toe,1361,114,11.9386,0.01%
/page/about-sfc,1329,113,11.76106,0.01%
/product/72469-redrock-8-inch-composite-toe,1272,113,11.25664,0.01%
/product/58334-dockers-partner-ii,1625,112,14.50893,0.01%
/product/62107-pike-chill-soft-toe,1444,110,13.12727,0.01%
/catalog/women-hospitality,1111,110,10.1,0.01%
/product/58424-dockers-walbrook,1067,105,10.1619,0.01%
/product/68594-zinc,2048,100,20.48,0.01%
/product/49166-arden,1098,99,11.09091,0.01%
/product/71056-safety-jogger-advance-81-steel-toe-esd,1453,98,14.82653,0.01%
/catalog/men-composite-toe,1551,96,16.15625,0.01%
/product/42226-cole-haan-malorie-wingtip-oxford,2186,95,23.01053,0.01%
/product/72214-puma-safety-airtwist-low-composite-toe,1959,94,20.84043,0.01%
/catalog/men-ace-work-boots,1336,93,14.36559,0.01%
/product/42153-cole-haan-malorie-leather-wingtip-oxford,2026,92,22.02174,0.01%
/product/73695-safety-jogger-gusto-81-steel-toe-esd,1808,92,19.65217,0.01%
/product/72135-sentry-steel-toe,1395,92,15.16304,0.01%
/product/29070-pearl,2292,88,26.04545,0.01%
/product/79333-cade-steel-toe,2717,85,31.96471,0.01%
/product/2063-guardian-iv-steel-toe,1233,85,14.50588,0.01%
/catalog/mens-insoles,1433,84,17.05952,0.01%
/product/22216-heather-ii,4265,79,53.98734,0.01%
/product/42229-zinc-patriotic-ii,1930,79,24.43038,0.01%
/product/52204-cole-haan-candace-bow-loafer,2073,78,26.57692,0.01%
/product/55269-riley,1804,75,24.05333,0.01%
/product/22240-mozo-nautical-cayman,1613,73,22.09589,0.01%
/product/22030-mozo-nautical-cayman,1521,73,20.83562,0.01%
/product/42234-cole-haan-chester-loafer,1268,73,17.36986,0.01%
/page/public-service-sub-categories,2707,71,38.12676,0.01%
/product/22248-everlight,3841,69,55.66667,0.01%
/product/22009-mozo-nautical-cayman,2037,69,29.52174,0.01%
/product/72217-puma-airtwist-low-composite-toe,1760,69,25.50725,0.01%
/product/m42168-mozo-mavi-ii,1127,69,16.33333,0.01%
/product/76797-pearl-aluminum-toe,1081,69,15.66667,0.01%
/product/73712-redrock-composite-toe,2452,67,36.59701,0.01%
/product/42219-merlin-canvas,1435,60,23.91667,0.01%
/product/52206-cole-haan-candace-bow-loafer,1987,58,34.25862,0.01%
/product/76280-moxie-mid-aluminum-toe,1030,52,19.80769,0.01%
/product/42335-cole-haan-chester-sneaker,1940,50,38.8,0.01%
/product/72213-puma-airtwist-low-composite-toe,1331,50,26.62,0.01%
/product/m51038-mozo-mavi-ii,1224,48,25.5,0.01%
/product/22209-everlight-slip-on,1253,44,28.47727,0.00%
/product/72215-puma-airtwist-low-composite-toe,1044,44,23.72727,0.00%
/product/72213-puma-safety-airtwist-low-composite-toe,1303,42,31.02381,0.00%
/product/m51093-mozo-mavi-ii,1106,42,26.33333,0.00%
/product/72217-puma-safety-airtwist-low-composite-toe,1697,33,51.42424,0.00%
/product/72491-pearl-aluminum-toe,1190,31,38.3871,0.00%
/product/22202,998,,,
/product/52212,987,,,
/product/64024-defender-low-soft-toe,987,,,
/product/22227,979,,,
/product/77001-piston-low-aluminum-toe,970,,,
/catalog/men-hospitality,962,,,
/catalog/women-insoles,960,,,
/product/52107-cole-haan-eila-ballet-flat,958,,,
/product/22126,945,,,
/product/72455-piston-low-csa-nano-composite-toe,943,,,
/catalog/women-dansko,938,,,
/catalog/women-puma,938,,,
/product/22224,928,,,
/reports/sfc/index.cfm,923,,,
/product/72215-puma-safety-airtwist-low-composite-toe,902,,,
/product/32002-andy,901,,,
/product/25878-entree-ii,900,,,
/product/77366-dewalt-halogen-aluminum-toe,899,,,
/catalog/women-mozo,889,,,
/product/49781,880,,,
/product/72250,872,,,
/product/76033-bridgetown-textile-aluminum-toe,863,,,
/product/29167,863,,,
/product/22220,861,,,
/catalog/men-dewalt,860,,,
/product/38649,858,,,
/product/62108-sentry-soft-toe,857,,,
/product/72126-sentry-steel-toe,851,,,
/product/73710-voyager-ii-csa-steel-toe,850,,,
/product/52203,848,,,
/product/75738,845,,,
/product/n2114-sfc-comfort-insole-with-gel,845,,,
/product/42151,841,,,
/catalog/womens-socks,840,,,
/product/52109-cole-haan-addalie-pump,837,,,
/product/29464,837,,,
/product/72308-burren-composite-toe,824,,,
/catalog/men-puma,823,,,
/product/22150,815,,,
/product/72515-pike-chill-composite-toe,809,,,
/catalog/men-dockers,804,,,
/product/38960,803,,,
/product/42336-cole-haan-malorie-leather-wingtip-oxford,799,,,
/product/42231,785,,,
/catalog/women-steel-toe,781,,,
/product/23809,778,,,
/product/77365-dewalt-boron-aluminum-toe,777,,,
/product/60970,775,,,
/product/a2113,775,,,
/product/21076,765,,,
/product/35365,757,,,
/product/72229-senator-nano-composite-toe,756,,,
/catalog/women-supermarkets,752,,,
/product/77282,749,,,
/product/32440,747,,,
/product/m22021,738,,,
/product/78506,736,,,
/catalog/women-industrial,735,,,
/product/99228,732,,,
/product/42228-cole-haan-malorie-knit-ballet-flat,732,,,
/product/42174,732,,,
/catalog/new-balance,731,,,
/product/72209,731,,,
/product/m43803,726,,,
/product/a2113-yaktrax-diamond-grip-ice-cleats,719,,,
/catalog/mats,715,,,
/product/60002-piston-low-soft-toe,715,,,
/product/24078,714,,,
/product/n0090-powerstep-pinnacle-neutral-arch-supporting-insoles,711,,,
/product/49281,710,,,
/product/73624,706,,,
/product/42224,705,,,
/product/41905-lila-juniper,702,,,
/product/42045,694,,,
/product/M30911,693,,,
/product/22247,691,,,
/catalog/men-supermarkets,689,,,
/catalog/ace-work-boots,682,,,
/product/71237,682,,,
/product/52001,681,,,
/product/22229,681,,,
/product/m33839,678,,,
/product/37553,677,,,
/product/51379,677,,,
/product/72002,676,,,
/product/57496,673,,,
/product/25770,672,,,
/product/46198,671,,,
/product/71210-piston-mid-csa-nano-composite-toe,671,,,
/product/33700,669,,,
/product/63608-sentinel-soft-toe,662,,,
/product/79962,659,,,
/product/n0076-ace-comfort-insole-with-gel,656,,,
/product/64811,639,,,
/product/36583-carter-canvas,637,,,
/product/72227,623,,,
/product/42202,615,,,
/product/22205,614,,,
/product/34545,611,,,
/product/2015-sentinel-steel-toe,605,,,
/product/22170,602,,,
/product/79082-burren-composite-toe,602,,,
/product/m51021,601,,,
/product/63723,598,,,
/product/s1297-sfc-no-show-socks-with-drymax-technology-1-pair,593,,,
/product/51905,590,,,
/product/25814-entree-ii,585,,,
/catalog/women-composite-toe,578,,,
/product/74378-aster-aluminum-toe-esd,576,,,
/product/42103,574,,,
/product/M49885,574,,,
/product/36111,572,,,
/product/72127-sentry-steel-toe,570,,,
/product/71845,569,,,
/product/42204,566,,,
/product/72104,565,,,
/product/72649,561,,,
/reports/,560,,,
/product/52006,559,,,
/product/73809,559,,,
/catalog/mens-socks,550,,,
/product/72116,546,,,
/product/42227,541,,,
/product/72105,539,,,
/catalog/women-lila,536,,,
/catalog/cole-haan,536,,,
/product/76236,535,,,
/product/22151,530,,,
/product/67730,528,,,
/product/38849,528,,,
/product/76362-imperial-aluminum-toe,526,,,
/product/M33839,518,,,
/product/67301,516,,,
/product/32709,515,,,
/product/26819,512,,,
/product/72119-heather-ii-aluminum-toe,511,,,
/catalog/waterproof-shoes,507,,,
/product/8201,507,,,
/product/29753,505,,,
/catalog/men-healthcare,501,,,
/product/58334,500,,,
/product/72389-aster-aluminum-toe,497,,,
/product/54-crewguard-for-boots-soft-toe,491,,,
/product/42233,491,,,
/product/77319,490,,,
/product/70927,486,,,
/product/72224,485,,,
/product/76745,481,,,
/product/62116,478,,,
/catalog/law-enforcement-all,466,,,
/product/n3411-sfc-comfort-insole,465,,,
/product/71183,464,,,
/product/71614-trident-iii-aluminum-toe,461,,,
/product/62107,459,,,
/product/m43703,458,,,
/product/22128,454,,,
/product/41908,450,,,
/product/75075,448,,,
/product/21945,443,,,
/product/52213,440,,,
/catalog/shoe-cleaners,438,,,
/catalog/shoe-deodorizer,436,,,
/product/42105,433,,,
/product/58424,431,,,
/product/78329,430,,,
/product/64024,425,,,
/product/37409,424,,,
/catalog/men-spillguard,419,,,
/product/22006,416,,,
/product/M31386,415,,,
/product/52110,411,,,
/catalog/women-safety-jogger,407,,,
/catalog/protective-equipment,405,,,
/product/72214,395,,,
/product/52107,391,,,
/product/22211,389,,,
/product/58218,388,,,
/product/22153,382,,,
/catalog/men-aluminum-toe,382,,,
/product/77001,376,,,
/catalog/women-schools,375,,,
/catalog/men-safety-jogger,375,,,
/product/72221,369,,,
/product/74063,367,,,
/product/M22021,367,,,
/product/52109,367,,,
/catalog/women-spillguard,365,,,
/product/62108,361,,,
/product/22212,360,,,
/product/m33738,358,,,
/product/72309,355,,,
/product/20503,353,,,
/catalog/compression-sleeves,350,,,
/product/63608,349,,,
/product/23792,348,,,
/product/2063,345,,,
/product/M43803,342,,,
/product/63206,341,,,
/product/53778,340,,,
/product/76525,340,,,
/catalog/men-pf-flyers,335,,,
/product/29070,334,,,
/product/72203,331,,,
/product/71063,329,,,
/product/77610,328,,,
/product/22003,327,,,
/product/72217,326,,,
/product/22154,325,,,
/product/g2101-crewguard-chill,319,,,
/product/77366,311,,,
/page/our-technology,310,,,
/product/78890,309,,,
/product/76280,308,,,
/product/52301,304,,,
/product/22009,303,,,
/product/49166,303,,,
/product/72248,301,,,
/catalog/wide-sizes,301,,,
/page/fitting-services,300,,,
/product/72206,299,,,
/product/53-crewguard-slip-resistant-overshoes-steel-toe,296,,,
/product/72308,296,,,
/product/42104,294,,,
/catalog/ice-traction,289,,,
/page/print-catalog-mcd,289,,,
/catalog/womens-insoles,289,,,
/catalog/men-carolina,288,,,
/product/42106,288,,,
/product/72233,285,,,
/page/careers,284,,,
/product/72469,283,,,
/product/76747,281,,,
/product/s1810-sfc-crew-socks-with-drymax-technology-1-pair,270,,,
/product/M33753,268,,,
/catalog/hand-protection,268,,,
/product/M51000,268,,,
/product/72491,262,,,
/product/79333,260,,,
/product/55269,260,,,
/product/1120-sneakerballs-2-pack,260,,,
/catalog/women-ace-work-boots,256,,,
/product/71056,254,,,
/product/g7013-crewguard-stretch-storage-kit-with-8-pairs,253,,,
/product/42215,252,,,
/product/73712,248,,,
/product/m51039,246,,,
/checkout2,239,,,
/product/s2302-cep-the-run-compression-mens-mid-cut-socks-40,239,,,
/product/90005-yaktrax-walk-ice-cleats,239,,,
/product/2065,236,,,
/product/77365,235,,,
/catalog/men-puncture-resistant,235,,,
/catalog/women-aluminum-toe,232,,,
/product/G7014,231,,,
/product/42219,230,,,
/product/s2303-cep-the-run-womens-no-show-socks-40,230,,,
/product/72213,229,,,
/catalog/socks-mens-socks,229,,,
/product/a2107-k1-slim-ice-cleats,229,,,
/product/72135,225,,,
/product/25980,224,,,
/catalog/masks,224,,,
/product/28740,222,,,
/product/42153,221,,,
/product/M43703,216,,,
/product/60003,216,,,
/product/78079,214,,,
/product/s6916-cep-compression-womens-full-socks-black,213,,,
/product/M51039,212,,,
/product/s2304-cep-the-run-mens-no-show-socks-40,212,,,
/product/73710,212,,,
/product/1117-spenco-gel-heel-cups,206,,,
/catalog/shoes-for-crews,205,,,
/product/a3007-shoe-cleaning-wipes-30-pack,205,,,
/product/27769,200,,,
/catalog/socks,199,,,
/product/52201,198,,,
/product/M37717,197,,,
/product/22240,197,,,
/product/52302,195,,,
/product/72126,194,,,
/product/42214,192,,,
/page/enterprise-solutions,191,,,
/product/m47733,187,,,
/product/M51021,187,,,
/product/60002,185,,,
/industrial/d,183,,,
/product/m51093,180,,,
/product/70040-august-steel-toe,180,,,
/product/72205,180,,,
/product/32002,180,,,
/product/62105-k1-mid-sole-original-ice-cleats,180,,,
/product/39362-old-school-low-rider-iv-leather,178,,,
/product/m37717,176,,,
/product/20-3-x-5-mightymat-classic,176,,,
/product/42234,176,,,
/product/76797,175,,,
/product/62106-k1-mid-sole-low-profile-ice-cleats,174,,,
/product/72455,172,,,
/product/42334,171,,,
/product/M47733,170,,,
/product/s2301-cep-the-run-compression-womens-mid-cut-socks-40,170,,,
/product/73695,169,,,
/product/71210,169,,,
/product/42229,166,,,
/catalog/summer-sale-styles,165,,,
/product/76362,163,,,
/page/pdp-catalog-promo,161,,,
/catalog/women-pf-flyers,161,,,
/product/2015,158,,,
/product/72515,157,,,
/product/52204,157,,,
/product/m47734,157,,,
/catalog/women-ace-workboots,155,,,
/product/25878,154,,,
/catalog/men-schools,154,,,
/catalog/safety-vests,153,,,
/catalog/public-works-utilities-shoes-all,152,,,
/product/m51038,148,,,
/product/42226,147,,,
/catalog/eye-protection,145,,,
/product/22030,144,,,
/product/36583,144,,,
/product/25814,141,,,
/product/M33738,140,,,
/catalog/women-electrostatic-dissipative,135,,,
/catalog/gowns,134,,,
/product/72229,133,,,
/catalog/ear-protection,132,,,
/product/90005,131,,,
/product/72215,130,,,
/product/s1731-ace-over-calf-socks-with-drymax-technology-1-pair,130,,,
/catalog/socks-womens-socks,129,,,
/product/41905,128,,,
/product/42228,126,,,
/catalog/men-electrical-hazard-protection,125,,,
/page/print-catalog-chickfila,124,,,
/catalog/Healthcare,123,,,
/page/privacy-policy,111,,,
/product/40-3-x-4-mightymat-max-ii,109,,,
/catalog/women-dewalt,109,,,
/product/52206,108,,,
/product/42304-cobalt-love,107,,,
/default.cfm,106,,,
/product/62105,105,,,
/page/print-catalog-wendys,103,,,
/product/72389,101,,,
/product/68594,99,,,
/catalog/women-puncture-resistant,96,,,
/product/72127,95,,,
/product/s0199-cep-compression-mens-full-socks-black,94,,,
/ace/shop/pg90,90,,,
/product/42303-zinc-cooking,88,,,
/product/71614,87,,,
/product/M47734,86,,,
/catalog/men-electrostatic-dissipative,86,,,
/ace/steelToe,86,,,
/catalog/women-electrical-hazard-protection,78,,,
/genesishcc,77,,,
/reports/sfc/,76,,,
/product/N0076,75,,,
/product/a0787-cut-resistant-work-gloves-12-gloves-per-pack,73,,,
/elio,73,,,
/catalog/carolina,73,,,
/product/42335,71,,,
/product/22209,71,,,
/product/72231-fort-rock-6-inch,71,,,
/product/a2200-b-core-3-ply-reusable-masks-5-pack-navy,71,,,
/catalog/puma,69,,,
/page/print-catalog-compass,69,,,
/catalog/insoles,67,,,
/product/79082,65,,,
/page/print-catalog-dardens,65,,,
/catalog/men-electrical-hazard-protected,65,,,
/product/M52301,65,,,
/product/m42168,61,,,
/product/M51038,61,,,
/product/a2100-b-core-3-ply-reusable-masks-5-pack-black,61,,,
/product/a2300-b-core-3-ply-reusable-masks-5-pack-red,61,,,
/product/45-3-x-3-mightymat-interlocking-end-section,59,,,
/product/a2111-reflective-safety-vests-3-per-pack,59,,,
/careers,59,,,
/product/G2101,59,,,
/product/n2114,59,,,
/product/70040,54,,,
/product/N2114,54,,,
/catalog/men-view-all3,54,,,
/page/pdp-promo,54,,,
/product/a0788-cut-resistant-work-gloves-12-gloves-per-pack,54,,,
/product/1120,54,,,
/product/76033,52,,,
/product/1117,52,,,
/genesis,52,,,
/catalog/public-education-shoes-all,49,,,
/reports/unitDetails.cfm,48,,,
/product/54,48,,,
/Genesis,46,,,
/product/72119,45,,,
/product/41490-alia,44,,,
/page/ambassadors,44,,,
/ace/shop/pg102,44,,,
/page/video-gallery,44,,,
/product/N0090,42,,,
/product/a2112-reflective-safety-vests-3-per-pack,42,,,
/product/46-3-x-3-mightymat-interlocking-mid-section,40,,,
/product/22104-heather-ii,40,,,
/product/51010,38,,,
/careers-footer,38,,,
/product/M42168,38,,,
/reports/forgotPassword.cfm,36,,,
/product/22253,36,,,
/page/mcd-catalog-promo,36,,,
/product/N3411,34,,,
/product/74378,34,,,
/product/n0076,34,,,
/product/42180-radium,34,,,
/product/a1593-premium-anti-fog-protective-eyewear-case-of-24,34,,,
/product/n3411,32,,,
/product/4055,32,,,
/product/99224,31,,,
/BWWo,31,,,
/reports/forgotpassword.cfm,31,,,
/page/print-catalog-sodexo,31,,,
/product/a1592-premium-anti-fog-protective-eyewear-case-of-24,31,,,
/product/62106,31,,,
/catalog/dansko,30,,,
/product/39362,29,,,
/uspr,29,,,
/product/s6838-cep-compression-mens-full-socks-white,29,,,
/reports [shoesforcrews.com],29,,,
/product/a2107,28,,,
/product/1206,27,,,
/usnp,27,,,
/product/n0090,27,,,
/ace/shop/pg88,27,,,
/product/6006W,27,,,
/omnihotels,26,,,
/ace/shop/pg82,26,,,
/1000north.com,25,,,
/spartannash [shoesforcrews.com],25,,,
/product/A2113,25,,,
/product/8583,25,,,
/product/M33850,23,,,
/product/48534,23,,,
/product/6055,23,,,
/product/A2107,23,,,
/product/M33840,23,,,
/product/22104,23,,,
/catalog/foodservice,22,,,
/product/42336,22,,,
/ace/shop/pg33,22,,,
/product/G7013,21,,,
/product/M51093,21,,,
/product/29183W,21,,,
/product,21,,,
/page/ind-catalog-promo,21,,,
/ace/shop/pg80,21,,,
/page/request-free-catalog,21,,,
/product/45913,19,,,
/product/6053,19,,,
/product/22226X,19,,,
/product/S1297,19,,,
/product/53,19,,,
/product/72132-fort-rock-low-nano-composite-toe,19,,,
/page/pay-methods-we-accept,19,,,
/reports/sfc/users.cfm,18,,,
/product/S6916,17,,,
/page/5000-accident-warranty,17,,,
/page/print-catalog-entegra,17,,,
/UFM,17,,,
/product/a2109-disposable-gowns-20-per-pack,17,,,
/product/20,17,,,
/product/S2301,17,,,
/restaurant/d-form_confirmation.html,16,,,
/ace/shop/pg79,16,,,
/product/41490,15,,,
/product/42038,15,,,
/ncstateu with zip code 27607,15,,,
/stylesheet.css,15,,,
/product/58214W,15,,,
/product/21211W,15,,,
/product/60435W,15,,,
/product/S2303,15,,,
/citrus,15,,,
/product/42180,14,,,
/reports/sfc/settings.cfm,14,,,
/ace/shop/pg74,14,,,
/product/22782W,13,,,
/product/24971,13,,,
/product/22146W,13,,,
/catalog/shoe-maintenance,13,,,
/product/40002W,13,,,
/product/38852W,13,,,
/albertsonglobal,13,,,
/product/8048,13,,,
/catalog/dockers,12,,,
/ace/shop/pg72,12,,,
/catalog/safety-jogger,12,,,
/page/small-business-solution,12,,,
/ace/about,12,,,
/product/5005,12,,,
/ace/shop/pg89,12,,,
/sfc3/UPSLabels/279390717033.png,11,,,
/sfc3/UPSLabels/278757404280.png,11,,,
/product/S0199,11,,,
/sfc3/page/ambassadors,11,,,
/page/ca-promo,11,,,
/return,10,,,
/product/7051,10,,,
/fresh ideas,10,,,
/product/37255W,10,,,
/product/S1810,10,,,
/genesis hc,10,,,
/qdoba or by calling 800-523-4448,10,,,
/product/5004,10,,,
/product/55462,10,,,
/reports/sfc/logins.cfm,10,,,
/product/4040,10,,,
/product/24078W,10,,,
/product/22253-everlight,10,,,
/product/a7084-disposable-foam-ear-plugs-box-of-100,10,,,
/reports/settings.cfm,10,,,
/report,10,,,
/commonbond,10,,,
/product/45312,10,,,
/ace/shop/pg103,10,,,
/product/M43725,10,,,
/ace/shop/pg96,10,,,
/product/44520,8,,,
/spartennash,8,,,
/product/s6838,8,,,
/aramark.com,8,,,
/admirals,8,,,
/ithacacollege,8,,,
/product/s1810,8,,,
/kfb,8,,,
/ace/technology,8,,,
/product/8280H,8,,,
/ace/shop/pg101,8,,,
/clinched,8,,,
/product/22149W,8,,,
/spartannash.com,8,,,
/product/A3007,8,,,
/reports/logins.cfm,8,,,
/sfc3/UPSLabels/278922373750.png,8,,,
/ Genesis,8,,,
/txrhssso,8,,,
/product/a2110-disposable-face-shields-10-per-pack,8,,,
/citybbq.com,8,,,
/product/31877-cabbie-ii,8,,,
/exception,8,,,
/genesishc.Ã‚,8,,,
/googlefoodselfemployyview,8,,,
/product/24077-new-balance-510-v3,8,,,
/catalog/dewalt,8,,,
/sfc3/UPSLabels/279260402298.png,8,,,
/product/24077,8,,,
/product/40,8,,,
/brookdale cc login,8,,,
/product/24079,8,,,
/product/S1731,8,,,
/ogara,8,,,
/reports/sfc/user.cfm,8,,,
/product/45,8,,,
/CoffeeBagel,8,,,
/reports/customFilterRedirect.cfm,8,,,
/product/S2304,8,,,
/product/39428,8,,,
/product/8081,8,,,
/citybbUse,8,,,
/product/9048,8,,,
/product/79962-merlin-canvas.ðŸ˜ƒ,8,,,
/product/78079W,6,,,
/mclane,6,,,
/product/44871,6,,,
/sfc3/UPSLabels/279291212156.png,6,,,
/product/27664W,6,,,
/product/22225-new-balance-510-v,6,,,
/albertsonsglpbal,6,,,
/genesishc.com,6,,,
/safety/Genesis,6,,,
/product/70927W,6,,,
/product/s0199,6,,,
/product/5012,6,,,
/product/M43812,6,,,
/genesishc 80251479 drake,6,,,
/sfc3/UPSLabels/279464170000.png,6,,,
/product/1202,6,,,
/product/3610,6,,,
/product/57280,6,,,
/product/2064,6,,,
/product/5006,6,,,
/sfc3/UPSLabels/279012998305.png,6,,,
/product/34257W,6,,,
/sfc3/UPSLabels/278755610359.png,6,,,
/catalog,6,,,
/reporting,6,,,
/sfc3/UPSLabels/278772335416.png,6,,,
/product/S2302,6,,,
/sfc3/UPSLabels/278917423830.png,6,,,
/page/ambassador-cynthia,6,,,
/product/43073W,6,,,
/page/walmarteverlight,6,,,
/sfc3/UPSLabels/279175321544.png,6,,,
/product/38140W,6,,,
/product/s2303,6,,,
/page/click-fil-a-promo,6,,,
/product/28362W,6,,,
/product/67718W,6,,,
/Wendysco,6,,,
/buffalowildwings,6,,,
/sfc3/UPSLabels/279024873964.png,6,,,
/sfc3/UPSLabels/279451673595.png,6,,,
/page/walmartmerlinlaceup,6,,,
/catalog/lila,6,,,
/sfc3/UPSLabels/279468381432.png,6,,,
/product/21982-new-balance-rush-v3,6,,,
/sfc3/UPSLabels/278151806669.png,6,,,
/askangroup,6,,,
/product/21982,6,,,
/product/72731,6,,,
/vanliners,6,,,
/product/56150W,6,,,
/product/8183H,6,,,
/product/29167-revoluti,6,,,
/wim,6,,,
/product/52152,6,,,
/hootersmanager,6,,,
/product/24079-new-balance-510-v3,6,,,
/grandcentralbakery,6,,,
/Ã°Å¸Â¤Â£,4,,,
/product/77636,4,,,
/genesishcc.com,4,,,
/catalog/pf-flyers,4,,,
/aimbrdge/,4,,,
/wm,4,,,
/drgfood.com,4,,,
/sfc3/index.cfmchangeWebsite=US_en&route=c_customer.LogintoWebsite,4,,,
/kindred_partner/,4,,,
/ved,4,,,
/product/S6838,4,,,
/repots,4,,,
/sandiego.edu,4,,,
/sfc3/UPSLabels/278560608890.png,4,,,
/sfc3/UPSLabels/278648241341.png,4,,,
/sfc3/UPSLabels/270260279929.png,4,,,
/sfc3/UPSLabels/279235632479.png,4,,,
/product/29183-galley-,4,,,
/mcdonaldsfrancise,4,,,
/advamceautoparts,4,,,
/ithacacollege/,4,,,
/ spartannash,4,,,
/wet34t34f,4,,,
/ambridge,4,,,
/sfc3/UPSLabels/278439745215.png,4,,,
/powerapps,4,,,
/Teamacrcare,4,,,
/reports/sfc/pendingReports.cfm,4,,,
/product/4200,4,,,
/product/M70816,4,,,
/product/32440W,4,,,
/product/M39922,4,,,
/sfc3/UPSLabels/278589053678.png,4,,,
/product/72330,4,,,
/page/safsfa,4,,,
/product/9046,4,,,
/product/78606-bridgetown-slip-on-aluminum-toeU,4,,,
/sfc3/UPSLabels/279190259729.png,4,,,
/product/60030,4,,,
/hertiage/,4,,,
/presidium,4,,,
/product/76747W,4,,,
/stonebriare,4,,,
/gensishc,4,,,
/page/warranty5k,4,,,
/morrison,4,,,
/albertsonsglobel,4,,,
/cafezupas.com,4,,,
/product/57487,4,,,
/product/72122-toby-ii-aluminum-toe,4,,,
/product/42045W,4,,,
/lowesfood,4,,,
/ngemployee,4,,,
/carrolls,4,,,
/iss,4,,,
/catalog/steel-toe,4,,,
/sfc3/UPSLabels/279197033658.png,4,,,
/product/77282W,4,,,
/product/3611,4,,,
/mhc,4,,,
/sfc3/UPSLabels/392697046570.png,4,,,
/product/s6916,4,,,
/TRDHSSSO,4,,,
/panerabread,4,,,
/product/29167W,4,,,
/account/login/wholefoods,4,,,
/sfc3/UPSLabels/278923701092.png,4,,,
/TXRHDHSSSO,4,,,
/sfc3/UPSLabels/279448562018.png,4,,,
/product/42179-zinc-hector,4,,,
/sfc3/UPSLabels/279364571406.png,4,,,
/product/22010-heather-iis,4,,,
/rubytuesdays,4,,,
/brocotube,4,,,
/bonefishgrill,4,,,
/UNIFI,4,,,
/OmniHotels,4,,,
/sfc3/UPSLabels/279617709898.png,4,,,
/product/6056,4,,,
/product/46,4,,,
/product/70010-cade-steel-toethis,4,,,
/product/M51004,4,,,
/product/42159,4,,,
/product/s2302,4,,,
/product/21944,4,,,
/Wald,4,,,
/heienens,4,,,
/exhange,4,,,
/product/4203,4,,,
/sfc3/UPSLabels/277720499861.png,4,,,
/sfc3/UPSLabels/278579706968.png,4,,,
/sfc3/UPSLabels/278918434877.png,4,,,
/product/76969,4,,,
/sfc3/UPSLabels/278094212793.png,4,,,
/product/24734W,4,,,
/product/78617,4,,,
/sfc3/UPSLabels/277784703062.png,4,,,
/oinc.com,4,,,
/product/6040,4,,,
/product/N5416,4,,,
/albersonslocal,4,,,
/exchanges or shoesforcrews.com/returns,4,,,
/BRiS-/OPAKAS,4,,,
/product/21901,4,,,
/sfc3/images/rwd/headers/american-flag-en-icon.png,4,,,
/product/41658,4,,,
/product/52301-cole-haan,4,,,
/sfc3/UPSLabels/279169164226.png,4,,,
/ace/shop/pg99,4,,,
/product/72105W,4,,,
/Pa na m,4,,,
/SSO/,4,,,
/partner,4,,,
/exceptions,4,,,
/page/walmartmerlinslipon,4,,,
/dnata]shoesforcrews.com/dnata,4,,,
/sfc3/UPSLabels/278789309517.png,4,,,
/sfc3/UPSLabels/279018864324.png,4,,,
/sfc3/UPSLabels/279154500680.png,4,,,
/product/M39926,4,,,
/product/59836W,4,,,
/sfc3/UPSLabels/278915544827.png,4,,,
/co,4,,,
/product/M32115,4,,,
/coolabs,4,,,
/product/69202,4,,,
/product/42161-tigon-ii,4,,,
/product/60003-piston-mid-soft-toe,4,,,
/product/40001W,4,,,
/product/21771,4,,,
/product/22130-heather-ii,4,,,
/kimptoonhotelsredow,4,,,
/product/M39936,4,,,
/aramark.ca,4,,,
/product/41906,4,,,
/alberstsonsglobal,4,,,
/stopandsop,4,,,
/carrabas,4,,,
/product/70010W,4,,,
/ace/shop/pg106,4,,,
/ÃƒÂ¢Ã‚â‚¬Ã‚Å½,4,,,
/partners,4,,,
/al,2,,,
/sfc3/UPSLabels/278924160080.png,2,,,
/outbacksteakhouse,2,,,
/txrh,2,,,
/lynnlee,2,,,
/product/N5467,2,,,
/sfc3/UPSLabels/279310972366.png,2,,,
/wtf,2,,,
/aramart,2,,,
/product/8283,2,,,
/stopandstop,2,,,
/catalog/safety-toe,2,,,
/partnership,2,,,
/blog,2,,,
/partnetsites/corporateintranet/,2,,,
/sfc3/UPSLabels/279573515726.png,2,,,
/product/28549,2,,,
/index.htm,2,,,
/stokes,2,,,
/product/42105-cole-haan-malorie-wingtip-oxford,2,,,
/sfc3/UPSLabels/272350926160.png,2,,,
/page/ambassador-luke-rogers,2,,,
/product/51758,2,,,
/cepheidaccount/login,2,,,
/WFF,2,,,
/sitemap,2,,,
/exchanfe,2,,,
/McDonald's,2,,,
/product/41908-shower-s,2,,,
/product/60010,2,,,
/bayclub,2,,,
/product/9036,2,,,
/allbertsonsglobal,2,,,
/bells,2,,,
/ghc,2,,,
/aremark,2,,,
/product/36111W,2,,,
/product/42145,2,,,
/product/42201-cobalt-black-white-floral,2,,,
/product/2064-guardian-iv-soft-toe,2,,,
/product/22149-everlightC&dy_debugger=687703,2,,,
/product/72122,2,,,
/product/72209W,2,,,
/wfm.com,2,,,
/burgerbusters emp,2,,,
/sfc3/UPSLabels/278640507620.png,2,,,
/aramrk,2,,,
/sfc3/UPSLabels/279299530496.png,2,,,
/page/ambassador-raymond,2,,,
/product/6140,2,,,
/ace/shop/pg64,2,,,
/ufm,2,,,
/sfc3/UPSLabels/278582707684.png,2,,,
/product/6054,2,,,
/sfc3/UPSLabels/278944607534.png,2,,,
/product/25980W,2,,,
/c2FmZXR5LX,2,,,
/sfc3/UPSLabels/278876732600.png,2,,,
/sfc3/UPSLabels/278796841629.png,2,,,
/ramark,2,,,
/sfc3/UPSLabels/279242767489.png,2,,,
/product/68424-torque-pro,2,,,
/amanager,2,,,
/product/26410,2,,,
/product/s1297,2,,,
/product/8033,2,,,
/product/37280,2,,,
/sfc3/UPSLabels/278681634545.png,2,,,
/account/wegmans,2,,,
/page/ambassador-penelope-wong,2,,,
/highline,2,,,
/product/40579,2,,,
/AlbertsonPilot,2,,,
/sfc3/UPSLabels/279150701675.png,2,,,
/leprinowest,2,,,
/parthersites,2,,,
/bdubs,2,,,
/product/23801,2,,,
/product/A0787,2,,,
/qh,2,,,
/account/login/wfm,2,,,
/sfc3/UPSLabels/279169653612.png,2,,,
/sfc3/UPSLabels/278643374929.png,2,,,
/product/25770W,2,,,
/product/9040,2,,,
/partnershites/corporateintranet/,2,,,
/kfb.com,2,,,
/page/ambassador-steven,2,,,
/spartenash,2,,,
/product/8100,2,,,
/cedarfairs,2,,,
/sfc3/UPSLabels/278258849577.png,2,,,
/sfc3/UPSLabels/279300147075.png,2,,,
/sfc3/UPSLabels/279042834197.png,2,,,
/ace/shop/pg105,2,,,
/morrisonhealthcare,2,,,
/product/24081,2,,,
/he-kfc,2,,,
/sfc3/UPSLabels/279175125897.png,2,,,
/albertecnsgisbal,2,,,
/ regency employee login,2,,,
/product/32394,2,,,
/sfc3/UPSLabels/278971376025.png,2,,,
/product/22146-everligh,2,,,
/sfc3/UPSLabels/278983367907.png,2,,,
/issfacilities,2,,,
/crscafes,2,,,
/product/2066,2,,,
/product/42164,2,,,
/brm,2,,,
/product/M39916,2,,,
/vaeagle.com,2,,,
/sfc3/UPSLabels/279340470134.png,2,,,
/product/55205,2,,,
/manageraramark,2,,,
/bwwfranchises,2,,,
/AlliedRehabilitattior,2,,,
/product/58214-dockers-director-ii-blackamazon.com,2,,,
/cdnmkt,2,,,
/albertsonglo,2,,,
/product/6058,2,,,
/sfc3/UPSLabels/279402595143.png,2,,,
/Delawarenorth,2,,,
/aimbrdge,2,,,
/product/22151-New-balance,2,,,
/product/48366,2,,,
/stopanshop,2,,,
/rallys,2,,,
/wholefoods.com,2,,,
/h,2,,,
/product/22002W,2,,,
/westfieldstatedining,2,,,
/product/5010,2,,,
/product/58334W,2,,,
/sfc3/UPSLabels/278740263348.png,2,,,
/noslip,2,,,
/product/71011,2,,,
/yad234,2,,,
/genesis.hc,2,,,
/scholarhotelgroups,2,,,
/product/1010,2,,,
/arbyhs,2,,,
/product/{partnumber},2,,,
/sickiesgarage,2,,,
/aramakr,2,,,
/genesishcvip,2,,,
/product/8182,2,,,
/catalog/men-view-allzx,2,,,
/genesis/,2,,,
/product/22004W,2,,,
/sfc3/UPSLabels/279568869298.png,2,,,
/sfc3/UPSLabels/279324656644.png,2,,,
/video,2,,,
/AlliedRehabilitator,2,,,
/primaryaimllc.com,2,,,
/compass catalog/men-view-all,2,,,
/compassgroup,2,,,
/product/22225W,2,,,
/sfc3/UPSLabels/278704085842.png,2,,,
/product/76362W,2,,,
/product/9045,2,,,
/product/72309-redrock-6-inch-composite,2,,,
/sfc3/UPSLabels/276623294831.png,2,,,
/page/ambassador-bsn-blondies,2,,,
/product/40001-saloon-,2,,,
/product/42176-zinc-stars-stripes,2,,,
/product/39450,2,,,
/fsa.com,2,,,
/AlliedRehabilitations,2,,,
/sfc3/UPSLabels/273643374880.png,2,,,
/pressery,2,,,
/snlcompany,2,,,
/product/2066-guardian-iv-steel-toe,2,,,
/AlliedREHABILITATIOR,2,,,
/sfc3/UPSLabels/278475418830.png,2,,,
/pricing,2,,,
/stop and shop,2,,,
/advanceautoparts,2,,,
/product/42884,2,,,
/product/78890W,2,,,
/product/34406,2,,,
/product/36106,2,,,
/product/60654-august-soft-toehttps://www.shoesforcrews.com/product/22146-everlight,2,,,
/product/22005-new-balance-arishi-v3,2,,,
/saxongroup,2,,,
/stopsndshop,2,,,
/sfc3/UPSLabels/278565816494.png,2,,,
/product/6010,2,,,
/plz,2,,,
/sfc3/UPSLabels/279126096010.png,2,,,
/page/ambassador-noah,2,,,
/product/22005,2,,,
/business,2,,,
/sfc3/UPSLabels/278629051786.png,2,,,
/sfc3/UPSLabels/278927849989.png,2,,,
/page/ambassador-kayla-marie,2,,,
/virginiaeagle,2,,,
/trh,2,,,
/wwg,2,,,
/ALBI,2,,,
/GOOGLEFOODSEMPLOYEEVIE,2,,,
/angels,2,,,
/genesisHCC,2,,,
/sfc3/UPSLabels/278575008874.png,2,,,
/switch,2,,,
/hc,2,,,
/txrdhsss0,2,,,
/sfc3/UPSLabels/279480648970.png,2,,,
/WF,2,,,
/parnersites/corporateintraner/,2,,,
/product/5009,2,,,
/product/6041,2,,,
/page/ambassador-sandra,2,,,
/hoamanagers,2,,,
/danielshealth to,2,,,
/sfc3/UPSLabels/278894281843.png,2,,,
/product/31233,2,,,
/franchise,2,,,
/ aramark,2,,,
/omnihotels.com,2,,,
/westendtavern,2,,,
/hughson,2,,,
/sodedxo,2,,,
/page/ambassador-rigo,2,,,
/sfc3/UPSLabels/279568159508.png,2,,,
/sfc3/UPSLabels/279481411403.png,2,,,
/elysianbrewing,2,,,
/partnersitttes/corporateintranet/id=116551,2,,,
/product/28172,2,,,
/offer,2,,,
/pb,2,,,
/legends,2,,,
/sfc3/UPSLabels/278848511629.png,2,,,
/MCCMANAGER,2,,,
/guestservicesco,2,,,
/leprino,2,,,
/page/mozo-brand,2,,,
/aksanunited,2,,,
/sfc3/UPSLabels/279187324764.png,2,,,
/sfc3/UPSLabels/279473478368.png,2,,,
/toba,2,,,
/SPARTANNASH.com,2,,,
/dnat,2,,,
/product/51905W,2,,,
/brands/lila/emma-72536-13253,2,,,
/product/A2100,2,,,
/robots.tx,2,,,
/hughsonnut,2,,,
/tcrdhssso,2,,,
/catalog/view-all,2,,,
/ace/shop/pg104,2,,,
/sfc3/UPSLabels/279631932954.png,2,,,
/micro-sfc-site/sba,2,,,
/employee,2,,,
/product/a3007,2,,,
/product/8296,2,,,
/motives,2,,,
/sfc3/UPSLabels/278173193230.png,2,,,
/product/53778-the-bronsongo,2,,,
/sfc3/UPSLabels/278997333180.png,2,,,
/',2,,,
/chapeanor,2,,,
/townepark.com,2,,,
/page/ambassador-maria,2,,,
/wfmtions,2,,,
/ wfm,2,,,
/zupas,2,,,
/product/69496,2,,,
/page/ace-brand,2,,,
/Ahold,2,,,
/adminc_customerservice.viewAccountAgreementAttachment&fileid=9872,2,,,
/p,2,,,
/ararmark,2,,,
/salmpatrnersmgr,2,,,
/ghcc,2,,,
/EXCGABGE,2,,,
/reports/sfc/importReports.cfm,2,,,
/product/20094,2,,,
/product/69522,2,,,
/albersonsglobals,2,,,
/promo,2,,,
/NGMEMPLOTYEE,2,,,
/Toba,2,,,
/product/M43821,2,,,
/product/6050,2,,,
/sfc3/UPSLabels/278923619209.png,2,,,
/albertsonsgolbal,2,,,
/atriaseniorliving,2,,,
/product/M33085,2,,,
/fracchem,2,,,
/product/8282H,2,,,
/wfmteammembers,2,,,
/product/71012,2,,,
/sfc3/UPSLabels/279522259494.png,2,,,
"/sfc3/index.cfmroute=c_store.browseProductsBySearchResults&searchstring=kitchen&colorFilter=black&featureFilter=37,62,60&upperMaterialFilter=20",2,,,
/page/ambassador-callie,2,,,
/GENESIS,2,,,
/partnersite/corporateintranet/,2,,,
/sfc3/UPSLabels/279297119292.png,2,,,
/product/72469-redrock-composite-toe,2,,,
/sfc3/UPSLabels/278842178104.png,2,,,
/product/4046,2,,,
/blog/sitemap.xml,2,,,
/inspirebrands,2,,,
/sfc3/UPSLabels/279127726350.png,2,,,
/valad,2,,,
/ahold/,2,,,
/compas,2,,,
/product/41906-lila-pepper,2,,,
/albertsonsgobal,2,,,
/product/72303,2,,,
/product/42231-cobalt-nurse-week,2,,,
/kadescorp.com,2,,,
/Albertsons global,2,,,
/wksmanager,2,,,
/admin/c_orders.viewOrder,2,,,
/corporateintranet/,2,,,
/southerncalifornia,2,,,
/spartan,2,,,
/heines's,2,,,
/sfc3/indegoogle.comfm,2,,,
/product/6044,2,,,
/page/print-catalog-cheesecake,2,,,
/WEm,2,,,
/page/industrial,2,,,
/catalog/women-alumimum-toe,2,,,
/sfc3/UPSLabels/278677093340.png,2,,,
/product/71063W,2,,,
/borederfoods,2,,,
/product/72249,2,,,
/sfc3/UPSLabels/278649926016.png,2,,,
/wbmasaccount/login,2,,,
/sfc3/UPSLabels/279189934411.png,2,,,
/ngmemmployee,2,,,
/blog/post/owner-operator/why-identifying-safety-hazards-is-necessary-for-accident-prevention,2,,,
/thebigeasycasino.com,2,,,
/product/4303,2,,,
/page/ambassador-katie,2,,,
/advanceauto,2,,,
/sfc3/UPSLabels/279189576851.png,2,,,
/gateway,2,,,
/AlliedRehabilitatior,2,,,
/product/28500-ii,2,,,
/portnersites/corporateintranet,2,,,
/product/6049,2,,,
/brands/jm/suffolk-cap-sg-52035-6433,2,,,
/sfc3/UPSLabels/278523839797.png,2,,,
/tag/,2,,,
/product/8090,2,,,
/sfc3/UPSLabels/279345734170.png,2,,,
/qrg/safety-solutions/corporate-program-sign-up,2,,,
/product/9143,2,,,
/exchanges or shoesforcrews.com,2,,,
/coh,2,,,
/sfc3/UPSLabels/278633020713.png,2,,,
/product/8192,2,,,
/ads.txt,2,,,
/wks/product/22004-new-balance-arishi-v3,2,,,
/racingcanes,2,,,
/TRXDHSSSO,2,,,
/product/8044,2,,,
/genisishc,2,,,
/citrucounty,2,,,
/sfc3/UPSLabels/279205515231.png,2,,,
/sfc3/UPSLabels/279460697325.png,2,,,
/wfm/exception,2,,,
/product/303559-pembroke-canvas,2,,,
/TXRDHSSS0,2,,,
/participation,2,,,
/product/m51040-mozo-finn-ii,2,,,
/copassemployee,2,,,
/sfc3/UPSLabels/277182467022.png,2,,,
/stopndshop,2,,,
/crscafe,2,,,
/catalog/all,2,,,
/geneslshc,2,,,
/sfc3/UPSLabels/276260824559.png,2,,,
/admin/c_pdpcustomers.viewAccounts,2,,,
/product/42226or,2,,,
/sfc3/UPSLabels/279183595263.png,2,,,
/reports/logout.cfm,2,,,
/sfc3/UPSLabels/276144267615.png,2,,,
/product/M51040,2,,,
/cdnsmk,2,,,
/sfc3/UPSLabels/278986314214.png,2,,,
/welcome,2,,,
/genrsishc,2,,,
/reports/sfc/unitReportConfig.cfm,2,,,
/exhcange,2,,,
/product/38664,2,,,
/product/22103,2,,,
/product/6007,2,,,
/sfc3/UPSLabels/278358776353.png,2,,,
/wfmmmw,2,,,
/product/24076X,2,,,
/product/6150,2,,,
/thegenuinehospitalitygroup/,2,,,
/sfc3/UPSLabels/279290253447.png,2,,,
/mcallister,2,,,
/sfc3/UPSLabels/277806247787.png,2,,,